<?xml version="1.0" encoding="UTF-8"?>
<!--
    Document   : empresa.xml
    Description:
        Estructura de la tabla empresa.
-->
<tabla>
   <columna>
      <nombre>administrador</nombre>
      <tipo>character varying(100)</tipo>
      <nulo>NO</nulo>
   </columna>
   <columna>
      <nombre>apartado</nombre>
      <tipo>character varying(10)</tipo>
      <nulo>YES</nulo>
   </columna>
   <columna>
      <nombre>cifnif</nombre>
      <tipo>character varying(20)</tipo>
      <nulo>NO</nulo>
   </columna>
   <columna>
      <nombre>ciudad</nombre>
      <tipo>character varying(100)</tipo>
      <nulo>YES</nulo>
   </columna>
   <columna>
      <nombre>codalmacen</nombre>
      <tipo>character varying(4)</tipo>
      <nulo>YES</nulo>
   </columna>
   <columna>
      <nombre>codcuentarem</nombre>
      <tipo>character varying(6)</tipo>
      <nulo>YES</nulo>
   </columna>
   <columna>
      <nombre>coddivisa</nombre>
      <tipo>character varying(3)</tipo>
      <nulo>YES</nulo>
   </columna>
   <columna>
      <nombre>codedi</nombre>
      <tipo>character varying(17)</tipo>
      <nulo>YES</nulo>
   </columna>
   <columna>
      <nombre>codejercicio</nombre>
      <tipo>character varying(4)</tipo>
      <nulo>YES</nulo>
   </columna>
   <columna>
      <nombre>codpago</nombre>
      <tipo>character varying(10)</tipo>
      <nulo>YES</nulo>
   </columna>
   <columna>
      <nombre>codpais</nombre>
      <tipo>character varying(20)</tipo>
      <nulo>YES</nulo>
   </columna>
   <columna>
      <nombre>codpostal</nombre>
      <tipo>character varying(10)</tipo>
      <nulo>YES</nulo>
   </columna>
   <columna>
      <nombre>codserie</nombre>
      <tipo>character varying(2)</tipo>
      <nulo>YES</nulo>
   </columna>
   <columna>
      <nombre>contintegrada</nombre>
      <tipo>boolean</tipo>
      <nulo>YES</nulo>
   </columna>
   <columna>
      <nombre>direccion</nombre>
      <tipo>character varying(100)</tipo>
      <nulo>NO</nulo>
   </columna>
   <columna>
      <nombre>email</nombre>
      <tipo>character varying(100)</tipo>
      <nulo>YES</nulo>
   </columna>
   <columna>
      <nombre>email_firma</nombre>
      <tipo>character varying(100)</tipo>
      <nulo>YES</nulo>
   </columna>
   <columna>
      <nombre>email_password</nombre>
      <tipo>character varying(100)</tipo>
      <nulo>YES</nulo>
   </columna>
   <columna>
      <nombre>fax</nombre>
      <tipo>character varying(20)</tipo>
      <nulo>YES</nulo>
   </columna>
   <columna>
      <nombre>horario</nombre>
      <tipo>character varying(100)</tipo>
      <nulo>YES</nulo>
   </columna>
   <columna>
      <nombre>id</nombre>
      <tipo>serial</tipo>
      <nulo>NO</nulo>
      <defecto>nextval('empresa_id_seq'::regclass)</defecto>
   </columna>
   <columna>
      <nombre>idprovincia</nombre>
      <tipo>integer</tipo>
      <nulo>YES</nulo>
   </columna>
   <columna>
      <nombre>lema</nombre>
      <tipo>character varying(100)</tipo>
      <nulo>YES</nulo>
   </columna>
   <columna>
      <nombre>logo</nombre>
      <tipo>text</tipo>
      <nulo>YES</nulo>
   </columna>
   <columna>
      <nombre>nombre</nombre>
      <tipo>character varying(100)</tipo>
      <nulo>NO</nulo>
   </columna>
   <columna>
      <nombre>nombrecorto</nombre>
      <tipo>character varying(32)</tipo>
      <nulo>YES</nulo>
   </columna>
   <columna>
      <nombre>pie_factura</nombre>
      <tipo>text</tipo>
      <nulo>YES</nulo>
   </columna>
   <columna>
      <nombre>provincia</nombre>
      <tipo>character varying(100)</tipo>
      <nulo>YES</nulo>
   </columna>
   <columna>
      <nombre>recequivalencia</nombre>
      <tipo>boolean</tipo>
      <nulo>YES</nulo>
   </columna>
   <columna>
      <nombre>stockpedidos</nombre>
      <tipo>boolean</tipo>
      <nulo>YES</nulo>
   </columna>
   <columna>
      <nombre>telefono</nombre>
      <tipo>character varying(20)</tipo>
      <nulo>YES</nulo>
   </columna>
   <columna>
      <nombre>web</nombre>
      <tipo>character varying(100)</tipo>
      <nulo>YES</nulo>
   </columna>
   <restriccion>
      <nombre>empresa_pkey</nombre>
      <consulta>PRIMARY KEY (id)</consulta>
   </restriccion>
</tabla>